{
  "currentFrameRate": 41.2099,
  "devices": [],
  "gestures": [],
  "hands": [
    {
      "armBasis": [
        [
          0.9628,
          -0.159735,
          -0.217946
        ],
        [
          0.261949,
          0.749702,
          0.607725
        ],
        [
          0.0663193,
          -0.642209,
          0.763656
        ]
      ],
      "armWidth": 61.8658,
      "confidence": 0.554555,
      "direction": [
        0.355758,
        0.880779,
        -0.312513
      ],
      "elbow": [
        101.026,
        88.102,
        303.246
      ],
      "grabStrength": 0,
      "id": 217,
      "palmNormal": [
        -0.074387,
        -0.306643,
        -0.948914
      ],
      "palmPosition": [
        95.0861,
        304.015,
        82.3715
      ],
      "palmVelocity": [
        0.976668,
        1.80506,
        -4.63063
      ],
      "palmWidth": 88.3422,
      "pinchStrength": 0,
      "r": [
        [
          0.909592,
          -0.166894,
          0.38051
        ],
        [
          0.232023,
          0.96372,
          -0.131948
        ],
        [
          -0.344684,
          0.208306,
          0.915315
        ]
      ],
      "s": 1.02323,
      "sphereCenter": [
        55.5494,
        332.447,
        13.359
      ],
      "sphereRadius": 93.4221,
      "stabilizedPalmPosition": [
        93.7716,
        307.583,
        86.1275
      ],
      "t": [
        94.8666,
        -57.4115,
        -15.0173
      ],
      "timeVisible": 7.24642,
      "type": "right",
      "wrist": [
        83.641,
        256.453,
        103.059
      ]
    }
  ],
  "id": 232028,
  "interactionBox": {
    "center": [
      0,
      200,
      0
    ],
    "size": [
      235.247,
      235.247,
      147.751
    ]
  },
  "pointables": [
    {
      "bases": [
        [
          [
            0.510832,
            0.300941,
            0.805286
          ],
          [
            -0.855329,
            0.0837925,
            0.511264
          ],
          [
            0.0863831,
            -0.949955,
            0.300207
          ]
        ],
        [
          [
            0.51678,
            0.20798,
            0.830472
          ],
          [
            -0.721269,
            -0.41681,
            0.55321
          ],
          [
            0.461205,
            -0.884881,
            -0.0653898
          ]
        ],
        [
          [
            0.51678,
            0.20798,
            0.830472
          ],
          [
            -0.855539,
            0.16114,
            0.492023
          ],
          [
            -0.0314914,
            -0.964769,
            0.261209
          ]
        ],
        [
          [
            0.51678,
            0.20798,
            0.830472
          ],
          [
            -0.845395,
            -0.029085,
            0.53335
          ],
          [
            0.13508,
            -0.977701,
            0.160794
          ]
        ]
      ],
      "btipPosition": [
        31.5142,
        357.337,
        83.8094
      ],
      "carpPosition": [
        55.8934,
        260.298,
        92.9409
      ],
      "dipPosition": [
        34.5835,
        335.121,
        87.4631
      ],
      "direction": [
        0.0314914,
        0.964769,
        -0.261209
      ],
      "extended": true,
      "handId": 217,
      "id": 2170,
      "length": 50.5998,
      "mcpPosition": [
        55.8934,
        260.298,
        92.9409
      ],
      "pipPosition": [
        33.5411,
        303.184,
        96.11
      ],
      "stabilizedTipPosition": [
        32.0609,
        355.461,
        86.5553
      ],
      "timeVisible": 7.24642,
      "tipPosition": [
        32.5116,
        352.349,
        84.9799
      ],
      "tipVelocity": [
        2.22956,
        5.32847,
        -0.420388
      ],
      "tool": false,
      "touchDistance": 0.244204,
      "touchZone": "hovering",
      "type": 0,
      "width": 19.6607
    },
    {
      "bases": [
        [
          [
            0.97812,
            -0.207824,
            -0.00951798
          ],
          [
            0.102385,
            0.441037,
            0.89163
          ],
          [
            -0.181104,
            -0.873095,
            0.452665
          ]
        ],
        [
          [
            0.993437,
            0.000609781,
            -0.114377
          ],
          [
            0.103575,
            0.419437,
            0.901856
          ],
          [
            0.0485239,
            -0.907784,
            0.416622
          ]
        ],
        [
          [
            0.993437,
            0.000609781,
            -0.114377
          ],
          [
            0.100568,
            0.471693,
            0.876009
          ],
          [
            0.0544849,
            -0.881763,
            0.468536
          ]
        ],
        [
          [
            0.993437,
            0.000609781,
            -0.114377
          ],
          [
            0.0978916,
            0.512673,
            0.852985
          ],
          [
            0.059158,
            -0.858584,
            0.509249
          ]
        ]
      ],
      "btipPosition": [
        76.9488,
        407.609,
        38.8955
      ],
      "carpPosition": [
        68.2967,
        272.445,
        108.05
      ],
      "dipPosition": [
        77.9301,
        393.367,
        47.3431
      ],
      "direction": [
        -0.0544849,
        0.881763,
        -0.468536
      ],
      "extended": true,
      "handId": 217,
      "id": 2171,
      "length": 57.0962,
      "mcpPosition": [
        81.2327,
        334.809,
        75.7165
      ],
      "pipPosition": [
        79.2087,
        372.674,
        58.3383
      ],
      "stabilizedTipPosition": [
        77.2313,
        405.734,
        41.4509
      ],
      "timeVisible": 7.24642,
      "tipPosition": [
        77.0749,
        403.968,
        40.2521
      ],
      "tipVelocity": [
        5.84299,
        3.989,
        -1.48626
      ],
      "tool": false,
      "touchDistance": 0.333304,
      "touchZone": "hovering",
      "type": 1,
      "width": 18.7799
    },
    {
      "bases": [
        [
          [
            0.912778,
            -0.395992,
            -0.100134
          ],
          [
            0.262273,
            0.380277,
            0.886906
          ],
          [
            -0.313129,
            -0.835811,
            0.450967
          ]
        ],
        [
          [
            0.955874,
            -0.228433,
            -0.184723
          ],
          [
            0.243139,
            0.262233,
            0.933872
          ],
          [
            -0.164887,
            -0.937578,
            0.306203
          ]
        ],
        [
          [
            0.955874,
            -0.228433,
            -0.184723
          ],
          [
            0.269681,
            0.43291,
            0.860152
          ],
          [
            -0.116519,
            -0.872013,
            0.475411
          ]
        ],
        [
          [
            0.955874,
            -0.228433,
            -0.184723
          ],
          [
            0.284579,
            0.5639,
            0.775262
          ],
          [
            -0.0729308,
            -0.793622,
            0.604025
          ]
        ]
      ],
      "btipPosition": [
        113.612,
        410.263,
        40.1288
      ],
      "carpPosition": [
        80.1371,
        271.215,
        109.152
      ],
      "dipPosition": [
        112.281,
        395.783,
        51.1493
      ],
      "direction": [
        0.116519,
        0.872013,
        -0.475411
      ],
      "extended": true,
      "handId": 217,
      "id": 2172,
      "length": 65.0566,
      "mcpPosition": [
        101.348,
        327.831,
        78.6045
      ],