{
  "currentFrameRate": 73.8337,
  "devices": [],
  "gestures": [],
  "hands": [
    {
      "armBasis": [
        [
          0.848938,
          -0.346917,
          -0.398689
        ],
        [
          0.526177,
          0.62537,
          0.576238
        ],
        [
          0.0494213,
          -0.698971,
          0.71344
        ]
      ],
      "armWidth": 60.2184,
      "confidence": 0.528144,
      "direction": [
        0.484232,
        0.857004,
        -0.176249
      ],
      "elbow": [
        66.0924,
        113.969,
        295.498
      ],
      "grabStrength": 0,
      "id": 196,
      "palmNormal": [
        -0.265605,
        -0.0479498,
        -0.962889
      ],
      "palmPosition": [
        71.1037,
        339.556,
        102.001
      ],
      "palmVelocity": [
        -88.3676,
        28.9021,
        17.7577
      ],
      "palmWidth": 85.9899,
      "pinchStrength": 0,
      "r": [
        [
          0.618084,
          -0.47164,
          0.62891
        ],
        [
          0.219935,
          0.871826,
          0.437662
        ],
        [
          -0.754719,
          -0.132193,
          0.642592
        ]
      ],
      "s": 0.938838,
      "sphereCenter": [
        2.54221,
        360.277,
        -22.5376
      ],
      "sphereRadius": 144.917,
      "stabilizedPalmPosition": [
        73.406,
        338.598,
        100.871
      ],
      "t": [
        88.8179,
        -47.9309,
        -52.4484
      ],
      "timeVisible": 47.6737,
      "type": "right",
      "wrist": [
        53.482,
        292.321,
        113.454
      ]
    }
  ],
  "id": 169895,
  "interactionBox": {
    "center": [
      0,
      200,
      0
    ],
    "size": [
      235.247,
      235.247,
      147.751
    ]
  },
  "pointables": [
    {
      "bases": [
        [
          [
            0.667512,
            0.00365718,
            0.74459
          ],
          [
            -0.741113,
            0.0999047,
            0.663905
          ],
          [
            -0.07196,
            -0.99499,
            0.069398
          ]
        ],
        [
          [
            0.665871,
            -0.0170409,
            0.745872
          ],
          [
            -0.736817,
            -0.171959,
            0.653858
          ],
          [
            0.117117,
            -0.984957,
            -0.127059
          ]
        ],
        [
          [
            0.665871,
            -0.0170409,
            0.745872
          ],
          [
            -0.714592,
            0.272753,
            0.644177
          ],
          [
            -0.214416,
            -0.961933,
            0.169441
          ]
        ],
        [
          [
            0.665871,
            -0.0170409,
            0.745872
          ],
          [
            -0.744379,
            0.0520278,
            0.665727
          ],
          [
            -0.0501506,
            -0.9985,
            0.0219589
          ]
        ]
      ],
      "btipPosition": [
        29.2385,
        402.427,
        109.752
      ],
      "carpPosition": [
        26.7453,
        302.883,
        109.704
      ],
      "dipPosition": [
        28.1293,
        380.343,
        110.238
      ],
      "direction": [
        0.214416,
        0.961933,
        -0.169441
      ],
      "extended": true,
      "handId": 196,
      "id": 1960,
      "length": 49.2525,
      "mcpPosition": [
        26.7453,
        302.883,
        109.704
      ],
      "pipPosition": [
        21.2204,
        349.348,
        115.698
      ],
      "stabilizedTipPosition": [
        32.7158,
        397.149,
        108.632
      ],
      "timeVisible": 47.6737,
      "tipPosition": [
        29.0363,
        397.112,
        109.197
      ],
      "tipVelocity": [
        -157.999,
        -12.879,
        23.2031
      ],
      "tool": false,
      "touchDistance": 0.349887,
      "touchZone": "hovering",
      "type": 0,
      "width": 19.1372
    },
    {
      "bases": [
        [
          [
            0.903119,
            -0.361898,
            -0.231096
          ],
          [
            0.312715,
            0.185522,
            0.931553
          ],
          [
            -0.294254,
            -0.913571,
            0.280719
          ]
        ],
        [
          [
            0.939676,
            -0.203562,
            -0.274901
          ],
          [
            0.334755,
            0.382002,
            0.861402
          ],
          [
            -0.0703362,
            -0.901464,
            0.427101
          ]
        ],
        [
          [
            0.939676,
            -0.203562,
            -0.274901
          ],
          [
            0.338821,
            0.443488,
            0.82977
          ],
          [
            -0.0469943,
            -0.872858,
            0.485707
          ]
        ],
        [
          [
            0.939676,
            -0.203562,
            -0.274901
          ],
          [
            0.340795,
            0.487952,
            0.803593
          ],
          [
            -0.0294426,
            -0.848802,
            0.52789
          ]
        ]
      ],
      "btipPosition": [
        67.7675,
        442.286,
        67.6796
      ],
      "carpPosition": [
        42.9044,
        308.525,
        124.156
      ],
      "dipPosition": [
        67.2921,
        428.581,
        76.2033
      ],
      "direction": [
        0.0469943,
        0.872858,
        -0.485707
      ],
      "extended": true,
      "handId": 196,
      "id": 1961,
      "length": 55.5759,
      "mcpPosition": [
        63.3629,
        372.042,
        104.639
      ],
      "pipPosition": [
        66.2186,
        408.643,
        87.2979
      ],
      "stabilizedTipPosition": [
        70.7047,
        438.48,
        68.6795
      ],
      "timeVisible": 47.6737,
      "tipPosition": [
        68.6637,
        439.423,
        70.5223
      ],
      "tipVelocity": [
        -180.769,
        37.1743,
        52.3073
      ],
      "tool": false,
      "touchDistance": 0.33438,
      "touchZone": "hovering",
      "type": 1,
      "width": 18.2799
    },
    {
      "bases": [
        [
          [
            0.78843,
            -0.508286,
            -0.346444
          ],
          [
            0.454359,
            0.101566,
            0.88501
          ],
          [
            -0.414651,
            -0.855178,
            0.311022
          ]
        ],
        [
          [
            0.822858,
            -0.428444,
            -0.373282
          ],
          [
            0.53256,
            0.352329,
            0.769574
          ],
          [
            -0.198202,
            -0.832046,
            0.518089
          ]
        ],
        [
          [
            0.822858,
            -0.428444,
            -0.373282
          ],
          [
            0.551529,
            0.443994,
            0.706177
          ],
          [
            -0.136822,
            -0.786959,
            0.601644
          ]
        ],
        [
          [
            0.822858,
            -0.428444,
            -0.373282
          ],
          [
            0.560877,
            0.50692,
            0.654561
          ],
          [
            -0.0912187,
            -0.747976,
            0.657428
          ]
        ]
      ],
      "btipPosition": [
        95.6325,
        433.884,
        50.8878
      ],
      "carpPosition": [
        53.9675,
        305.166,
        122.838
      ],
      "dipPosition": [
        94.0125,
        420.601,
        62.5633
      ],
      "direction": [
        0.136822,
        0.786959,
        -0.601644
      ],
      "extended": true,
      "handId": 196,
      "id": 1962,
      "length": 63.3243,
      "mcpPosition": [
        81.3071,
        361.551,
        102.332
      ],